-- phpMyAdmin SQL Dump
-- version 4.1.14
-- http://www.phpmyadmin.net
--
-- Host: 127.0.0.1
-- Generation Time: Mar 09, 2017 at 07:39 PM
-- Server version: 5.6.17
-- PHP Version: 5.5.12

SET SQL_MODE = "NO_AUTO_VALUE_ON_ZERO";
SET time_zone = "+00:00";


/*!40101 SET @OLD_CHARACTER_SET_CLIENT=@@CHARACTER_SET_CLIENT */;
/*!40101 SET @OLD_CHARACTER_SET_RESULTS=@@CHARACTER_SET_RESULTS */;
/*!40101 SET @OLD_COLLATION_CONNECTION=@@COLLATION_CONNECTION */;
/*!40101 SET NAMES utf8 */;

--
-- Database: `5inarch`
--

-- --------------------------------------------------------

--
-- Stand-in structure for view `absall`
--
CREATE TABLE IF NOT EXISTS `absall` (
`stid` int(5)
,`stname` varchar(25)
,`stmob` varchar(25)
,`sttel` varchar(11)
,`stparenttype` varchar(15)
,`stparentname` varchar(25)
,`stparentmob` varchar(22)
,`stemail` varchar(25)
,`staddress` varchar(30)
,`stnationalid` varchar(14)
,`styear` varchar(15)
,`stterm` varchar(15)
,`stgroup` varchar(25)
,`stbalance` varchar(15)
,`matid` int(4)
,`matname` varchar(45)
,`matyear` varchar(15)
,`matterm` varchar(15)
,`absid` int(10)
,`date` date
,`students_stid` int(5)
,`material_matid` int(4)
);
-- --------------------------------------------------------

--
-- Table structure for table `absence`
--

CREATE TABLE IF NOT EXISTS `absence` (
  `absid` int(10) NOT NULL AUTO_INCREMENT,
  `date` date NOT NULL,
  `students_stid` int(5) NOT NULL,
  `material_matid` int(4) NOT NULL,
  PRIMARY KEY (`absid`,`students_stid`,`material_matid`),
  KEY `fk_absence_students1_idx` (`students_stid`),
  KEY `fk_absence_material1_idx` (`material_matid`)
) ENGINE=InnoDB DEFAULT CHARSET=utf8 COLLATE=utf8_unicode_ci AUTO_INCREMENT=1 ;

-- --------------------------------------------------------

--
-- Table structure for table `administrators`
--

CREATE TABLE IF NOT EXISTS `administrators` (
  `adid` int(2) NOT NULL AUTO_INCREMENT,
  `adusername` varchar(25) COLLATE utf8_unicode_ci NOT NULL,
  `adpassword` varchar(25) COLLATE utf8_unicode_ci NOT NULL,
  PRIMARY KEY (`adid`)
) ENGINE=InnoDB  DEFAULT CHARSET=utf8 COLLATE=utf8_unicode_ci AUTO_INCREMENT=2 ;

--
-- Dumping data for table `administrators`
--

INSERT INTO `administrators` (`adid`, `adusername`, `adpassword`) VALUES
(1, 'admin', 'hossamabdo');

-- --------------------------------------------------------

--
-- Table structure for table `expenses`
--

CREATE TABLE IF NOT EXISTS `expenses` (
  `exid` int(4) NOT NULL AUTO_INCREMENT,
  `exname` varchar(25) COLLATE utf8_unicode_ci NOT NULL,
  `exdesc` varchar(50) COLLATE utf8_unicode_ci NOT NULL,
  `excode` varchar(5) COLLATE utf8_unicode_ci NOT NULL,
  PRIMARY KEY (`exid`)
) ENGINE=InnoDB  DEFAULT CHARSET=utf8 COLLATE=utf8_unicode_ci AUTO_INCREMENT=11 ;

--
-- Dumping data for table `expenses`
--

INSERT INTO `expenses` (`exid`, `exname`, `exdesc`, `excode`) VALUES
(1, 'سلفة', '', 'm1'),
(2, 'محمول', '', 'm2'),
(3, 'راتب', '', 'm3'),
(4, 'تصوير', '', 'm4'),
(5, 'طباعة', '', 'm5'),
(6, 'مواصلات', '', 'm6'),
(7, 'دعاية', '', 'm7'),
(8, 'مكافأة', '', 'm8'),
(9, 'أخرى', '', 'm9'),
(10, 'أدوات مكتبية', '', 'm10');

-- --------------------------------------------------------

--
-- Table structure for table `material`
--

CREATE TABLE IF NOT EXISTS `material` (
  `matid` int(4) NOT NULL AUTO_INCREMENT,
  `matname` varchar(45) CHARACTER SET utf8 NOT NULL,
  `matyear` varchar(15) CHARACTER SET utf8 NOT NULL,
  `matterm` varchar(15) CHARACTER SET utf8 NOT NULL,
  PRIMARY KEY (`matid`)
) ENGINE=InnoDB  DEFAULT CHARSET=utf8 COLLATE=utf8_unicode_ci AUTO_INCREMENT=37 ;

--
-- Dumping data for table `material`
--

INSERT INTO `material` (`matid`, `matname`, `matyear`, `matterm`) VALUES
(1, 'مدخل إلى علم الأثار', '1', 'first'),
(2, 'مقدمة في الأدب', '1', 'first'),
(3, 'حفائر أثرية', '1', 'first'),
(4, 'تاريخ اليونان ', '1', 'first'),
(5, 'أثار بحر أيجة وأيطاليا', '1', 'second'),
(6, 'أساطير ( أدب - فن )', '1', 'second'),
(7, 'متاحف', '1', 'second'),
(8, 'تاريخ فرعوني', '1', 'second'),
(9, 'عمارة أغريقية', '2', 'first'),
(10, 'نحت أغريقي', '2', 'first'),
(11, 'فخار أغريقي', '2', 'first'),
(12, 'تاريخ الرومان', '2', 'first'),
(13, 'فن هللينستي ( عمارة -نحت )', '2', 'second'),
(14, 'عملة أغريقية وهللينستية', '2', 'second'),
(15, 'تاريخ هللينستي', '2', 'second'),
(16, 'أثار فرعونية', '2', 'second'),
(17, 'عمارة رومانية', '3', 'first'),
(18, 'نحت روماني', '3', 'first'),
(19, 'فخار روماني وقبطي', '3', 'first'),
(20, 'مساحة مستوية', '3', 'first'),
(21, 'تاريخ أمبراطورية رومانية مبكرة', '3', 'first'),
(22, 'رسم وفسيفساء', '3', 'second'),
(23, 'عملة رومانية وبيزنطية', '3', 'second'),
(24, 'أثار أسلامية', '3', 'second'),
(25, 'فن ولايات رومانية', '3', 'second'),
(26, 'تاريخ مصر تحت حكم الأمبراطورية الرومانية', '3', 'second'),
(27, 'أثار أسكندرية والدلتا 1', '4', 'first'),
(28, 'أثار مصر في العصرين اليوناني والروماني', '4', 'first'),
(29, 'تاريخ أمبراطورية رومانية متأخرة ', '4', 'first'),
(30, 'حضارة أسكندرية ', '4', 'first'),
(31, 'أثار بحرية وغارقة', '4', 'first'),
(32, 'أثار أسكندرية والدلتا 2', '4', 'second'),
(33, 'ترميم ', '4', 'second'),
(34, 'أثار بيزنطية وقبطية', '4', 'second'),
(35, 'أثار الوطن العربي في العصرين', '4', 'second'),
(36, 'فنون صغرى', '4', 'second');

-- --------------------------------------------------------

--
-- Table structure for table `prmat`
--

CREATE TABLE IF NOT EXISTS `prmat` (
  `prmatid` int(11) NOT NULL AUTO_INCREMENT,
  `professors_prid` int(4) NOT NULL,
  `material_matid` int(4) NOT NULL,
  PRIMARY KEY (`prmatid`,`professors_prid`,`material_matid`),
  KEY `fk_prmat_professors1_idx` (`professors_prid`),
  KEY `fk_prmat_material1_idx` (`material_matid`)
) ENGINE=InnoDB  DEFAULT CHARSET=utf8 COLLATE=utf8_unicode_ci AUTO_INCREMENT=65 ;

--
-- Dumping data for table `prmat`
--

INSERT INTO `prmat` (`prmatid`, `professors_prid`, `material_matid`) VALUES
(55, 1, 4),
(56, 1, 12),
(57, 1, 14),
(58, 1, 15),
(59, 1, 21),
(60, 1, 26),
(7, 2, 1),
(8, 2, 5),
(9, 2, 9),
(10, 2, 13),
(11, 2, 17),
(12, 2, 22),
(13, 2, 27),
(14, 2, 28),
(15, 2, 32),
(16, 2, 33),
(61, 3, 31),
(62, 3, 35),
(63, 3, 3),
(64, 3, 7),
(29, 4, 6),
(30, 4, 10),
(31, 4, 11),
(32, 4, 13),
(33, 4, 18),
(34, 4, 23),
(35, 4, 24),
(36, 4, 30),
(37, 4, 36),
(46, 5, 2),
(47, 5, 6),
(48, 5, 8),
(49, 5, 16),
(50, 5, 19),
(51, 5, 20),
(52, 5, 25),
(53, 5, 34),
(54, 5, 29);

-- --------------------------------------------------------

--
-- Stand-in structure for view `prmatall`
--
CREATE TABLE IF NOT EXISTS `prmatall` (
`prname` varchar(25)
,`prmob` varchar(11)
,`prtel` varchar(11)
,`prparentname` varchar(25)
,`premail` varchar(40)
,`prparentmob` varchar(11)
,`prbalance` varchar(10)
,`matyear` varchar(15)
,`matterm` varchar(15)
,`prid` int(4)
,`matid` int(4)
,`matname` varchar(45)
);
-- --------------------------------------------------------

--
-- Table structure for table `professors`
--

CREATE TABLE IF NOT EXISTS `professors` (
  `prid` int(4) NOT NULL AUTO_INCREMENT,
  `prname` varchar(25) COLLATE utf8_unicode_ci NOT NULL,
  `prmob` varchar(11) CHARACTER SET utf8 NOT NULL DEFAULT '-',
  `prtel` varchar(11) CHARACTER SET utf8 NOT NULL DEFAULT '-',
  `prparentname` varchar(25) CHARACTER SET utf8 NOT NULL DEFAULT '-',
  `prparentmob` varchar(11) CHARACTER SET utf8 NOT NULL DEFAULT '-',
  `premail` varchar(40) CHARACTER SET utf8 NOT NULL DEFAULT '-',
  `prbalance` varchar(10) CHARACTER SET utf8 NOT NULL DEFAULT '-',
  PRIMARY KEY (`prid`)
) ENGINE=InnoDB  DEFAULT CHARSET=utf8 COLLATE=utf8_unicode_ci AUTO_INCREMENT=7 ;

--
-- Dumping data for table `professors`
--

INSERT INTO `professors` (`prid`, `prname`, `prmob`, `prtel`, `prparentname`, `prparentmob`, `premail`, `prbalance`) VALUES
(1, 'عاصم محمد علي', '01005551545', '01280670145', 'محمد علي', '01226114497', 'assem.mo.ali@gmail.com', '1250'),
(2, 'حسام الدين مصطفي السيد', '01099663014', '035367322', 'والدة حسام', '01274499951', 'hossam.stam08@gmail.com', '1750'),
(3, 'محمد عاطف الحويطي', '01272036763', '-', 'عاطف الحويطي', '01222513024', '-', '1750'),
(4, 'اسلام منصور عبد الهادي', '01274175461', '-', 'والدة اسلام', '01289356956', '-', '1750'),
(5, 'احمد محمد عبدالرحمن', '01026298049', '-', 'والدة أحمد', '-', 'a.abdelrahman.hr@gmail.com', '1750'),
(6, 'أسماء', '01066023758', '01288344904', '-', '-', '-', '-');

-- --------------------------------------------------------

--
-- Table structure for table `stmat`
--

CREATE TABLE IF NOT EXISTS `stmat` (
  `stmatid` int(10) NOT NULL AUTO_INCREMENT,
  `material_matid` int(4) NOT NULL,
  `students_stid` int(5) NOT NULL,
  `status` int(2) NOT NULL,
  PRIMARY KEY (`stmatid`,`material_matid`,`students_stid`),
  KEY `fk_stmat_material1_idx` (`material_matid`),
  KEY `fk_stmat_students1_idx` (`students_stid`)
) ENGINE=InnoDB DEFAULT CHARSET=utf8 COLLATE=utf8_unicode_ci AUTO_INCREMENT=1 ;

-- --------------------------------------------------------

--
-- Stand-in structure for view `stmatall`
--
CREATE TABLE IF NOT EXISTS `stmatall` (
`stname` varchar(25)
,`stmob` varchar(25)
,`styear` varchar(15)
,`stterm` varchar(15)
,`stgroup` varchar(25)
,`stbalance` varchar(15)
,`matname` varchar(45)
,`matid` int(4)
,`matyear` varchar(15)
,`matterm` varchar(15)
,`sttel` varchar(11)
,`stparenttype` varchar(15)
,`stparentname` varchar(25)
,`stparentmob` varchar(22)
,`stemail` varchar(25)
,`staddress` varchar(30)
,`stnationalid` varchar(14)
,`stid` int(5)
);
-- --------------------------------------------------------

--
-- Table structure for table `students`
--

CREATE TABLE IF NOT EXISTS `students` (
  `stid` int(5) NOT NULL AUTO_INCREMENT,
  `stcode` varchar(20) COLLATE utf8_unicode_ci NOT NULL,
  `stname` varchar(25) COLLATE utf8_unicode_ci NOT NULL DEFAULT '-',
  `stmob` varchar(25) COLLATE utf8_unicode_ci NOT NULL DEFAULT '-',
  `sttel` varchar(11) COLLATE utf8_unicode_ci NOT NULL DEFAULT '-',
  `stparenttype` varchar(15) CHARACTER SET utf8 NOT NULL DEFAULT '-',
  `stparentname` varchar(25) CHARACTER SET utf8 NOT NULL DEFAULT '-',
  `stparentmob` varchar(22) CHARACTER SET utf8 NOT NULL DEFAULT '-',
  `stemail` varchar(25) CHARACTER SET utf8 NOT NULL DEFAULT '-',
  `staddress` varchar(30) CHARACTER SET utf8 NOT NULL DEFAULT '-',
  `stnationalid` varchar(14) CHARACTER SET utf8 NOT NULL DEFAULT '-',
  `sttype` int(2) NOT NULL,
  `sttype2` varchar(6) COLLATE utf8_unicode_ci NOT NULL,
  `styear` varchar(15) CHARACTER SET utf8 NOT NULL DEFAULT '-',
  `stterm` varchar(15) CHARACTER SET utf8 NOT NULL DEFAULT '-',
  `stgroup` varchar(25) CHARACTER SET utf8 NOT NULL DEFAULT '-',
  `stbalance` varchar(15) CHARACTER SET utf8 NOT NULL DEFAULT '-',
  PRIMARY KEY (`stid`)
) ENGINE=InnoDB  DEFAULT CHARSET=utf8 COLLATE=utf8_unicode_ci AUTO_INCREMENT=372 ;

--
-- Dumping data for table `students`
--

INSERT INTO `students` (`stid`, `stcode`, `stname`, `stmob`, `sttel`, `stparenttype`, `stparentname`, `stparentmob`, `stemail`, `staddress`, `stnationalid`, `sttype`, `sttype2`, `styear`, `stterm`, `stgroup`, `stbalance`) VALUES
(1, '', 'إيثار خالد منجد', '01004358508', '', 'والدة', 'والدة إيثار', '01099807013', 'Etharkhaled@gmail.com', 'خالد ابن الوليد', '29410050201841', 1, 'B', '5', '1', 'A', '0'),
(2, '', 'روان عمرو مصطفي', '01114502405', '', 'والدة', 'والدة روان', '01220841904', '', 'فيكتوريا', '29703150201641', 1, 'B', '5', '1', 'A', '0'),
(3, '', 'نور طارق رفعت', '01005306580', '', 'والد', 'طارق رفعت', '01064215365', '', 'بحري', '29602060201021', 2, 'B', '5', '1', 'A', '0'),
(4, '', 'رضوى محمد علي', '01121853666', '', 'والدة', 'والدة رضوي', '01225499933', '', 'كليوبترا', '29703070200686', 1, 'A', '5', '1', 'A', '0'),
(5, '', 'فريدة طارق ابراهيم', '01145306415', '', 'والدة', 'والدة فريدة', '01001326081', '', 'سموحة', '29411250203682', 2, 'A', '5', '1', 'A', '0'),
(6, '', 'بسنت حسن محمود', '01129835363', '', 'والد', 'حسن محمود', '01005370322', '', 'محرم بيك', '29608140200066', 1, 'B', '5', '1', 'A', '0'),
(7, '', 'جهاد محمد احمد الشامي', '01200778872', '', 'والد', 'محمد احمد', '01272926972', '', 'العجمي', '', 2, 'B', '5', '1', 'A', '0'),
(8, '', 'اية محمد مصطفي', '01121297206', '', 'والد', 'محمد مصطفي', '01008447887', '', '', '29706010203367', 2, 'B', '5', '1', 'A', '0'),
(9, '', 'ريهام محمود محمد', '01202014341', '', 'والد', 'محمود محمد', '01284788825', '', 'باكوس', '29503030201605', 1, 'A', '5', '1', 'A', '0'),
(10, '', 'مصطفى عبدالفتاح صالح', '01270072778', '', 'والدة', 'والدة مصطفى', '01116694910', '', 'العجمي', '29511129020025', 2, 'B', '5', '1', 'A', '0'),
(11, '', 'محمد محروس معوض', '01023377105', '', '', '', '0', '', 'فيكتوريا', '', 1, 'B', '5', '1', 'A', '0'),
(12, '', 'رضوى محمود عمر', '01210286736', '', 'اخ', 'محمود عمر', '01206053993', '', 'العامريه', '29507040200564', 1, 'B', '5', '1', 'A', '0'),
(13, '', 'مياده محمود محمد', '01202975209', '', 'والدة', 'والدة مياده', '01280288552', '', 'محرم بيك', '29411130203522', 1, 'E', '5', '1', 'A', '-650'),
(14, '', 'جيرمين اشرف جورج', '01212261546', '', 'والدة', 'والدة جيرمين', '01282421899', '', 'محرم بك', '29501270200549', 2, 'E', '5', '1', 'A', '-650'),
(15, '', 'مارتينا ثابت لبيب', '01227310907', '', 'والدة', 'والدة مارتينا', '01271717312', '', 'الورديان', '29509110200489', 1, 'B', '5', '1', 'A', '0'),
(16, '', 'دميانه خليل عزمي', '01278275233', '', 'والدة', 'والدة دميانه', '01281595469', '', 'شارع الاهوازي ', '29502130200286', 2, 'B', '5', '1', 'A', '0'),
(17, '', 'الاء نبيل عبدالوارث', '01012710805', '', 'والدة', 'والدة الاء', '01204741626', '', 'محرم بك', '29507080201687', 1, 'B', '5', '1', 'A', '0'),
(18, '', 'دينا وائل محمد', '01012776964', '', 'والدة', 'والدة دينا', '01009183864', '', 'ستانلي', '29508271601584', 1, 'B', '5', '1', 'A', '0'),
(19, '', 'سمر جمال شاكر', '01201303598', '', 'والدة', 'والدة سمر', '01208804316', '', 'سموحة', '29506010205646', 1, 'B', '5', '1', 'A', '0'),
(20, '', 'ابانوب خلف سليمان', '01274584806', '', 'والد', 'خلف سليمان', '01206296646', '', 'خالد ابن الوليد', '29504190200911', 2, 'B', '5', '1', 'A', '0'),
(21, '', 'نسمة علاء حسن', '01287620665', '', 'والد', 'علاء حسن', '01223412618', '', 'بولكلي', '29504180201685', 1, 'B', '5', '1', 'A', '0'),
(22, '', 'اسماء عادل محمود', '01121612694', '', 'والدة', 'والدة اسماء', '01013769747', '', 'شدس', '29410210201869', 1, 'E', '5', '1', 'A', '-400'),
(23, '', 'هدير سامي المبروك', '01064094297', '', 'والدة', 'والدة هدير', '01148687799', '', 'الازريطه', '29406160204147', 1, 'B', '5', '1', 'A', '0'),
(24, '', ' نهى عبدالخالق محمد', '01017657964', '', 'والدة', 'والدة نهى', '01066037058', '', 'فيكتوريا', '', 1, 'B', '5', '1', 'A', '0'),
(25, '', 'عزت عادل صادق', '01278232759', '', 'صديق', 'ميرنا صديقه عزت', '01220763252', '', 'مطروح', '29511193300093', 1, 'B', '5', '1', 'A', '0'),
(26, '', 'امنيه انور احمد ذكي', '00127445963', '', 'والد', 'والد امنيه', '01003657080', '', 'كوم الشقافه', '29501010223987', 2, 'B', '5', '1', 'A', '0'),
(27, '', 'نرمين عادل احمد', '00127174461', '', 'والدة', 'والدة نرمين', '01276383931', '', 'العجمي', '29702170200946', 2, 'B', '5', '1', 'A', '0'),
(28, '', 'يمنى حسام الدين محمد', '01150077414', '', 'والد', 'والد يمنى', '01005200508', '', 'سبورتنج', '29604130200101', 2, 'B', '5', '1', 'A', '0'),
(29, '', 'ايه جمال محمد', '01207064929', '', 'والدة', 'والدة ايه', '01270681994', '', 'السيوف', '', 2, 'B', '5', '1', 'A', '0'),
(30, '', 'يسرا محمد حسن خليفه', '01100510894', '', 'والدة', 'والدة يسرا', '01223430751', '', 'جمال عبدالناصر', '29609010202527', 2, 'B', '5', '1', 'A', '0'),
(31, '', 'اسراء ابراهيم رشاد', '01227391393', '', 'والدة', 'والدة اسراء', '01287655567', '', 'محرم بك', '29509010200406', 1, 'B', '5', '1', 'A', '0'),
(32, '', 'هاجر ابراهيم عبدالسلام', '01010486525', '', 'والد', 'هاجر ابراهيم', '01010486525', '', 'سيدي بشر', '', 1, 'B', '5', '1', 'A', '0'),
(33, '', 'ميار ابراهيم مبارك', '01122454191', '', 'والدة', 'والدة ميار', '01229014663', '', 'فكتوريا', '29506060202141', 1, 'B', '5', '1', 'A', '0'),
(34, '', 'لطيفه انور سعيد', '01205294873', '', 'والد', 'انور سعيد', '01226459766', '', 'محرم بك', '29506150202507', 1, 'B', '5', '1', 'A', '0'),
(35, '', 'الاء اشرف فودة', '01110115484', '', 'والدة', 'والدة الاء', '01004844331', '', 'سموحه', '29508230200362', 1, 'B', '5', '1', 'A', '0'),
(36, '', 'اشرقت على موسى', '01098005211', '', '', '', '0', '', 'سيدي بشر', '', 1, 'B', '5', '1', 'A', '0'),
(37, '', 'شروق عبد الفتاح محمد', '01276476167', '', 'والدة', 'والدة شروق', '01229307711', '', 'السيوف', '29503200200366', 1, 'B', '5', '1', 'A', '0'),
(38, '', 'روان محمد اسماعيل', '01224310330', '', 'والدة', 'والدة روان', '0', '', 'العصافره', '', 2, 'B', '5', '1', 'A', '0'),
(39, '', 'دينا عصام محمد', '01207227004', '', 'والد', 'عصام محمد', '01227950781', '', 'خالد بن الوليد', '29601218800222', 1, 'B', '5', '1', 'A', '0'),
(40, '', 'منتصر حسين محمد', '01279949705', '', 'والدة', 'والدة منتصر', '01003363337', '', 'سموجه', '29501228800277', 1, 'B', '5', '1', 'A', '0'),
(41, '', 'رضوى خالد على ', '01204741630', '', 'والدة', 'والدة رضوى', '01228115271', '', 'السيوف', '', 2, 'B', '5', '1', 'A', '0'),
(42, '', 'ندى طارق صلاح', '01274166885', '', 'والدة', 'والدة ندى', '01155988114', '', 'سان ستيفانو', '29407170202688', 1, 'B', '5', '1', 'A', '0'),
(43, '', 'علياء شوقي محمد', '01220875340', '', 'والدة', 'والدة علياء', '01002637076', '', 'سموحه', '29407010210765', 1, 'B', '5', '1', 'A', '0'),
(44, '', 'الشيماء محمد شحاته', '01154613560', '', 'والدة', 'والدة الشيماء', '01203379921', '', 'كرموز', '29308300201486', 1, 'A', '5', '1', 'A', '0'),
(45, '', 'اريج اشرف ابراهيم', '01112144364', '', 'والدة', 'والدة اريج', '01225845929', '', 'فلمنج', '29508030200465', 2, 'B', '5', '1', 'A', '0'),
(46, '', 'نورهان محمد سالم', '01027210077', '', 'والدة', 'والدة نورهان', '01282796641', '', 'باكوس', '29409090202906', 1, 'B', '5', '1', 'A', '0'),
(47, '', 'ساره احمد فرغلى', '01202833346', '', 'والدة', 'والدة ساره', '01063366246', '', 'الهانوفيل', '29405120203303', 2, 'B', '5', '1', 'A', '0'),
(48, '', 'هبةالله محمد بركات', '01225508446', '', 'والدة', 'والدة هبةالله', '01207474110', '', 'محرم بك', '29509250200641', 1, 'B', '5', '1', 'A', '0'),
(49, '', 'ندى علاء الدين محمد', '01001278948', '', 'والدة', 'والدة ندى علاء الدين', '01006957194', '', 'الابراهيميه', '', 1, 'B', '5', '1', 'A', '0'),
(50, '', 'خلود محمد حلمي', '01205054775', '', 'والدة', 'والدة خلود', '01277425443', '', 'سيدي بشر', '29502060201549', 1, 'B', '5', '1', 'A', '0'),
(51, '', 'يوستينا وحيد رسمي', '01226418622', '', 'والد', 'وحيد رسمي', '01288466617', '', 'الناصريه القديمه', '', 1, 'B', '5', '1', 'A', '0'),
(52, '', 'منةالله السيد حسن', '01017876562', '', 'والدة', 'والدة منةالله السيد', '01283297265', '', 'باكوس', '29505050201221', 1, 'B', '5', '1', 'A', '0'),
(53, '', 'منى فتحي على حسانين', '01281805070', '', 'اخت', 'اخت منى', '01011574187', '', 'العصافره', '29311270201801', 1, 'B', '5', '1', 'A', '0'),
(54, '', 'جهاد حسن على ', '01280058852', '', 'اخت', 'اخت جهاد', '01011574187', '', 'العصافره', '29311280200446', 1, 'B', '5', '1', 'A', '0'),
(55, '', 'امنيه علي محمود', '01220803953', '', 'والد', 'على محمود', '01206536182', '', 'الورديان', '29508110201683', 1, 'B', '5', '1', 'A', '0'),
(56, '', 'هبه محمد متولي', '01228731337', '01211588399', 'والدة', 'والدة هبه', '01277453478', '', 'الدخيله', '29410080203147', 2, 'B', '5', '1', 'A', '0'),
(57, '', 'عبدالرحمن محمد رجب', '01285187013', '', 'والد', 'محمد رجب', '01228762606', '', 'مطروح', '', 1, 'B', '5', '1', 'A', '0'),
(58, '', 'منةالله وجيه محمد', '01273439849', '', 'والد', 'وجيه محمد', '01202763637', '', 'سيدي بشر', '', 1, 'B', '5', '1', 'A', '-350'),
(59, '', 'ايه السييد محمود حجازي', '01275212023', '', 'والد', 'السيد محمود', '01279033454', '', 'سيدي بشر', '29507180200041', 1, 'B', '5', '1', 'A', '0'),
(60, '', 'نورهان صلاح حسن الحطيب', '01005721590', '', 'والد', 'صلاح حسن', '01276101768', '', 'خالد بن الوليد', '29510170200826', 1, 'B', '5', '1', 'A', '0'),
(61, '', 'وفاء عصام عبدالمقصود', '01225017909', '', 'والدة', 'والدة وفاء', '01007915594', '', 'شدس', '', 1, 'B', '5', '1', 'A', '0'),
(62, '', 'سمر عماد عبدالعزيز', '01282029381', '', 'والدة', 'والدة سمر', '01221258508', '', 'العجمي', '29507221601889', 1, 'B', '5', '1', 'A', '0'),
(63, '', 'ميرنا احمد محمد عطيه', '01229907929', '', 'والدة', 'والدة ميرنا', '01009119236', '', 'العطارين', '', 1, 'B', '5', '1', 'A', '0'),
(64, '', 'منه محمد عبدالرحيم محمد', '01206483500', '', 'والدة', 'والدة منه محمد', '01200231695', '', 'العجمي', '29401150206263', 1, 'B', '5', '1', 'A', '0'),
(65, '', 'ياسمين صبري سيد', '01000977812', '', 'والدة', 'والدة ياسمين', '01001973787', '', 'محرم بك', '29509200200488', 1, 'B', '5', '1', 'A', '0'),
(66, '', 'رانيا ابراهيم فتحي', '01220491208', '', 'والدة', 'والدة رانيا', '01225405257', '', 'راس التين', '', 1, 'B', '5', '1', 'A', '0'),
(67, '', 'ميادة مصطفى حسن', '01008745493', '', '', '', '0', '', 'المندره', '', 1, 'B', '5', '1', 'A', '0'),
(68, '', 'تقى كمال محمود', '01019371572', '', '', '', '0', '', 'محرم بك', '29406010215302', 2, 'B', '5', '1', 'A', '0'),
(69, '', 'انجي حسين احمد', '01202949356', '', 'والدة', 'والده انجي', '01211132209', '', 'الساعه', '29501010209186', 1, 'B', '5', '1', 'A', '0'),
(70, '', 'جديرة ابراهيم عبدالعزيز', '01229907465', '', 'والدة', 'والدة جديرة', '01222568740', '', 'السيوف', '29301220200069', 1, 'E', '5', '1', 'A', '-450'),
(71, '', 'نورهان صلاح الدين محمد مظ', '01223564541', '', 'والدة', 'والدة نورهان', '00128365533', '', 'كليوباترا', '', 1, 'B', '5', '1', 'A', '0'),
(72, '', 'محمد محمود شعبان', '01061070880', '', 'صديق', 'هلال', '01280655779', '', 'الحضره', '', 1, 'B', '5', '1', 'A', '0'),
(73, '', 'رحاب احمد محمد حسن', '01280272097', '', 'والدة', 'والدة رحاب', '01012504798', '', 'الابراهيميه', '', 1, 'B', '5', '1', 'A', '0'),
(74, '', 'فيفيان فارس فهمي', '01222602466', '', 'والدة', 'والدة فيفيان', '01227695334', '', 'لوران', '', 2, 'E', '5', '1', 'A', '-400'),
(75, '', 'سيمون نبيل جمال', '01220602247', '', '', '', '0', '', '', '', 1, 'E', '5', '1', 'A', '-400'),
(76, '', 'منى محمد احمد', '01226295742', '', 'والدة', 'والدة منى', '01270195648', '', 'الملاحه', '', 1, 'B', '5', '1', 'A', '0'),
(77, '', 'يوستينا طلعت جرجس', '01228601981', '', 'والد', 'طلعت', '0', '', 'الحضره', '', 1, 'B', '5', '1', 'A', '0'),
(78, '', 'ساره عاطف محمد', '01009760704', '', 'والدة', '', '01001345771', '', 'كليوباترا', '29505140201425', 1, 'B', '5', '1', 'A', '0'),
(79, '', 'يمنى علي حسن', '01281379427', '', 'والدة', 'والدة يمنى', '01281636554', '', 'العصافرة', '29502060201701', 1, 'B', '5', '1', 'A', '0'),
(80, '', 'ندى نادي محمد', '01113986222', '', 'والدة', 'والدة ندى', '01067009903', '', 'العصافرة', '29506080200404', 1, 'B', '5', '1', 'A', '0'),
(81, '', 'سلمى مجدي عبدالله', '01120391160', '', 'والدة', 'والدة سلمى', '01148645525', '', 'محرم بك', '', 1, 'B', '5', '1', 'A', '0'),
(82, '', 'دينا ناثان ناروز فرج', '01273419395', '', 'صديق', 'ميرنا صديقه دينا', '01220763252', '', 'العصافرة', '29506012508441', 1, 'E', '5', '1', 'A', '-400'),
(83, '', 'ميرنا نادر يعقوب', '01220763252', '', 'والدة', 'والدة ميرنا', '01273419395', '', 'العصافرة', '29507300201322', 1, 'B', '5', '1', 'A', '0'),
(84, '', 'ضحى حسن حنفى', '01208746516', '', 'والدة', '', '01226513786', '', 'طوسون', '29507150200608', 2, 'B', '5', '1', 'A', '0'),
(85, '', 'الاء عبدالمجيد الشيخ', '01014797175', '', 'والدة', '', '01099943362', '', 'محرم بك', '', 1, 'B', '5', '1', 'A', '0'),
(86, '', 'شروق جمال عبدالعال', '01228498965', '', 'والدة', '', '01280020789', '', 'سموحه', '29504190200148', 1, 'B', '5', '1', 'A', '0'),
(87, '', 'رضوى هاني عبدالفتاح', '01279904448', '', 'والدة', '', '01110054180', '', 'ميامي', '29511130200421', 1, 'B', '5', '1', 'A', '0'),
(88, '', 'نورهان صالح عبدالمولى', '01288664346', '', 'والدة', '', '01288664687', '', 'ميامي', '', 1, 'B', '5', '1', 'A', '0'),
(89, '', 'ساره فرج احمد', '012279236329', '', 'والدة', '', '01001670742', '', 'القباري', '29411290202042', 1, 'B', '5', '1', 'A', '0'),
(90, '', 'جان جمال سيدهم', '01270170815', '033533696', '', '', '', '', 'عصافرة', '', 1, 'E', '5', '1', 'A', '-400'),
(91, '', 'ندى امين ذكي', '01208488502', '', 'والدة', '', '01273973797', '', 'محلرم بك', '22941007020101', 1, 'B', '5', '1', 'A', '0'),
(92, '', 'محمد سامي محمد', '01282734169', '', 'والد', 'سامي', '01111013200', '', 'عجمي', '29401010231292', 2, 'B', '5', '1', 'A', '0'),
(93, '', 'ميشيل بولس فرحات', '01207010790', '', 'صديق', 'محمد', '01282734169', '', '', '', 1, 'B', '5', '1', 'A', '0'),
(94, '', 'ريهان نجاح عباس', '01212675548', '', 'اخ', 'محمد', '01003741060', '', '', '29402010212201', 1, 'B', '5', '1', 'A', '0'),
(95, '', 'مصطفى محمود محمد', '01279752996', '', '', '', '', '', 'محرم بك', '', 1, 'B', '5', '1', 'A', '0'),
(96, '', 'ريهام ابراهيم الغرباوي', '01064342184', '', 'والدة', 'والدة ريهام', '	01015904747', '', 'فيكتوريا', '29406071801905', 2, 'B', '5', '1', 'A', '0'),
(97, '', 'وسام عبد الفتاح عبد النبي', '01212696741', '', 'والدة', 'والدة وسام', '01277043643', '', 'فيكتوريا', '29406071801905', 1, 'E', '5', '1', 'A', '-250'),
(98, '', '  محمد مجدي محمود . امبرو', '01201518764', '', 'والد', 'مجدى محمود', '01224008727', '', 'محرم بك', '29503110202271', 2, 'B', '5', '1', 'A', '0'),
(99, '', 'نغم السيد الحلواني', '01200566231', '', 'والدة', 'والدة نغم', '01283814425', '', 'جليم', '', 1, 'E', '5', '1', 'A', '-550'),
(100, '', 'اسماء محمد رشاد', '01283814425', '', 'والد', 'محمد رشاد', '01201341178', '', 'جليم', '29503140200621', 2, 'E', '5', '1', 'A', '-450'),
(101, '', 'احمد علي محمد علي .بسكوتة', '01221404096', '', 'والد', 'علي', '01201518764', '', 'محرم بك ', '', 2, 'B', '5', '1', 'A', '0'),
(102, '', 'محمد فايز ابواليزيد', '01157606399', '', '', '', '01022740200', '', 'سيدي بشر', '', 2, 'B', '5', '1', 'A', '0'),
(103, '', 'احمد محمود كامل. جمعة', '01229011165', '', '', '', '', '', 'محرم بك', '', 1, 'B', '5', '1', 'A', '0'),
(104, '', 'ياسمين مصطفي فتحي', '01144916211', '', 'والد', 'مصطفي فتحي', '01285025507', '', 'سبورتنج', '29505050200209', 2, 'B', '5', '1', 'A', '0'),
(105, '', 'اسماء علاء الدين خميس', '01100550605', '035272172', 'اخت', 'اسراء علاء', '01147992243', '', 'سيدي بشر', '29412120204187', 1, 'B', '5', '1', 'A', '0'),
(106, '', 'وسيم عبد العزيز ابراهيم', '01205567503', '035680511', 'والدة', 'والدة وسيم', '01271686335', '', 'ابو قير', '29312080200316', 2, 'B', '5', '1', 'A', '-50'),
(107, '', 'سلمى عرفان مصطفي', '01283100489', '', 'صديق', 'تقي كمال', '01019371572', '', 'ثروت', '', 1, 'B', '5', '1', 'A', '0'),
(108, '', 'فاطمة الزهراء محمد علي', '01008208908', '033915214', 'والد', 'محمد علي', '01275753397', '', 'محرم بك', '29509260202684', 2, 'B', '5', '1', 'A', '0'),
(109, '', 'شروق السيد الشاطبي', '01202471927', '', 'زوج', '', '01281720022', '', '', '29509300206823', 1, 'B', '5', '1', 'A', '0'),
(110, '', 'عبدالرحمن نور الدين حسن', '01142517546', '', '01221011165', '', '', '', '', '', 2, 'B', '5', '1', 'A', '0'),
(111, '', 'طارق اشرف محمد', '01125421687', '', '', 'والد', '01276827534', '', 'محرم بك', '29407200202572', 2, 'B', '5', '1', 'A', '0'),
(112, '', 'ياسر محمد عمرو', '01110975388', '', '', '', '', '', '', '', 1, 'A', '5', '1', 'A', '0'),
(113, '', 'احمد شوقى ماضي', '01153639333', '034965141', 'والد', '01222559669', '', '', 'محرم بك', '29410150205673', 2, 'B', '5', '1', 'A', '0'),
(114, '', ' مصعب سعد يس', '01200334328', '', '', 'والد', '01143224729', '', 'القباري', '', 2, 'B', '5', '1', 'A', '0'),
(115, '', 'ماريو نبيل فهيم', '01227335557', '033629459', '', 'والد', '01273315051', '', 'غيط العنب', '29610010211612', 2, 'B', '5', '1', 'A', '0'),
(116, '', 'نور احمد عادل', '01223660846', '', 'والدة', '01226513707', '', '', 'فيكتوريا', '', 1, 'B', '5', '1', 'A', '0'),
(117, '', 'سلمى حسن على', '01018848660', '', 'والدة', '01007590293', '', '', 'فيكتوريا', '29708310200702', 1, 'B', '5', '1', 'A', '0'),
(118, '', 'عبدالرحمن عزت عبدالمنعم', '01205703101', '034941177', 'والد', 'عزت', '', '', 'محرم بك', '29709230200198', 1, 'B', '5', '1', 'A', '0'),
(119, '', 'امنيه سعيد عبدالباقي', '01063164803', '034805346', 'والد', '01276101801', '', '', '', '29507190201402', 1, 'B', '5', '1', 'A', '0'),
(120, '', 'ندى محسن ابوباشا', '01062099284', '035400242', 'والدة', '', '01094155664', '', 'ميامي', '29707151601826', 1, 'B', '5', '1', 'A', '0'),
(121, '', 'باسم رضا اسماعيل', '01270115285', '', 'والد', 'رضا', '01100173839', '', '', '', 2, 'E', '5', '1', 'A', '-150'),
(122, '', 'هادي محمد خليل', '01226965192', '', 'والد', 'محمد خليل', '01206044365', '', '', '29509160201273', 2, 'A', '5', '1', 'A', '-200'),
(123, '', 'مي سالم ابو الفتوح', '01277979642', '', 'والدة', '', '01287528976', '', 'العجمي', '', 2, 'B', '5', '1', 'A', '0'),
(124, '', 'سيف الدين ايهاب', '01273178910', '', 'والدة', 'والدة سيف', '01221482489', '', '', '29502150202633', 1, 'B', '5', '1', 'A', '-275'),
(125, '', 'هاجر احمد ابراهيم', '01226952089', '', 'والدة', 'والدة هاجر', '01220368968', '', '', '29708250202221', 1, 'B', '5', '1', 'A', '0'),
(126, '', 'كيرلس زكريا بخيت', '01226657676', '', 'والد', 'زكريا', '01275886632', '', '', '29506160200412', 2, 'B', '5', '1', 'A', '0'),
(127, '', 'انطوني عزت عدوي', '01286909262', '', 'والد', 'عزت', '01224219315', '', '', '', 2, 'E', '5', '1', 'A', '-150'),
(128, '', 'محمد احمد المرغني', '01287914459', '', 'والدة', 'والدة محمد', '01069338032', '', '', '29509300204359', 2, 'E', '5', '1', 'A', '-450'),
(129, '', 'ايه حسن محمد مخيمر', '01115033209', '', 'والد', 'حسن محمد', '01223462536', '', 'طوسون', '', 1, 'E', '5', '1', 'A', '-650'),
(130, '', 'علا خميس السيد', '01285444719', '', 'والدة', '', '01201261513', '', 'مطار النزهه', '', 2, 'E', '5', '1', 'A', '-650'),
(131, '', 'اسراء محمود عبدالحليم', '01025804836', '', 'والدة', '', '01274376199', '', 'المندره', '39411140303343', 2, 'E', '5', '1', 'A', '-650'),
(132, '', 'محمد محمود محمد باشا', '01115655290', '', '', '', '', '', '', '', 1, 'B', '5', '1', 'A', '0'),
(133, '', 'روان عبدالله الماضي', '01146629820', '034200645', 'والدة', 'والدة روان', '', '', 'امبروزو', '29502040202328', 1, 'B', '5', '1', 'A', '0'),
(134, '', 'لبنى محمود احمد', '01224759811', '', 'والد', 'محمود احمد', '01287215395', '', 'محرم بك', '29505050200829', 1, 'E', '5', '1', 'A', '-450'),
(135, '', 'ايه اشرف محمود', '01278143490', '', 'والد', 'اشرف', '01221224456', '', 'راس التين', '29504008021025', 1, 'B', '5', '1', 'A', '-50'),
(136, '', 'امنيه غريب محمود', '01211640130', '', 'والدة', 'والدة امنية', '01220936783', '', 'ورديان', '', 1, 'E', '5', '1', 'A', '-650'),
(137, '', 'هبه محمد الحديدي', '01015720420', '', 'والدة', 'والدة هبه', '01060473365', '', 'الورديان', '', 1, 'E', '5', '1', 'A', '-650'),
(138, '', 'حسام عبدالباسط السيد', '01278890712', '', 'والدة', 'والدة حسام', '01204563581', '', 'محرم بك', '29507150200195', 2, 'E', '5', '1', 'A', '-650'),
(139, '', 'فاطمه محمد عبداللاه', '01203573454', '', 'اخت', '', '01282177944', '', 'سيوف', '29609290200567', 1, 'B', '5', '1', 'A', '0'),
(140, '', 'بسنت يحي زكريا عوض', '01065436775', '035826974', 'والدة', '', '01091032552', '', 'فلمنج', '29507100200445', 1, 'B', '5', '1', 'A', '0'),
(141, '', 'مها مدحت محمد', '01207337358', '', 'والدة', '', '01278786133', '', 'الازاريطه', '29402210202242', 2, 'B', '5', '1', 'A', '0'),
(142, '', 'ايه احمد عادل', '01211646021', '', 'والد', 'احمد', '01227001771', '', 'العجمي', '29602280200408', 2, 'B', '5', '1', 'A', '0'),
(143, '', 'اميره حمدي محمود', '01205534433', '035005260', 'والد', '01284791465', '', '', 'الظاهريه', '', 1, 'B', '5', '1', 'A', '0'),
(144, '', 'محمد كمال عبدالمنعم', '01202516543', '034340096', 'والد', 'كمال', '01227810445', '', 'العجمي', '29508100202614', 1, 'B', '5', '1', 'A', '0'),
(145, '', 'بسنت سمير متولي ', '01210606203', '035265096', 'والدة', '', '01224571214', '', 'ابراج عثمان', '29504060201061', 2, 'B', '5', '1', 'A', '0'),
(146, '', 'نورهان طارق الهامي', '01144998649', '', 'والدة', '', '01224359465', '', '', '29403270202744', 2, 'B', '5', '1', 'A', '0'),
(147, '', 'ياسمين احمد السيد', '01226810910', '033938047', 'والد', 'احمد', '01119293859', '', 'محرم بك', '29607070203066', 2, 'B', '5', '1', 'A', '0'),
(148, '', 'خلود على محمود', '01114778446', '035221877', 'والدة', '', '01003766301', '', 'العجمي', '29501030200584', 2, 'B', '5', '1', 'A', '0'),
(149, '', 'رنا عزيز ابراهيم', '01225922582', '', 'والد', 'ابراهيم', '01228585248', '', 'الابراهيميه', '', 1, 'B', '5', '1', 'A', '0'),
(150, '', 'ريم سمير محمود', '01280662895', '', 'والد', 'سمير', '01091107499', '', 'الاقبال', '', 1, 'E', '5', '1', 'A', '-400'),
(151, '', 'مصطفى محمد فراج', '01220259030', '', 'والدة', '', '01201484831', '', 'سيدى بشر', '29409010213759', 2, 'B', '5', '1', 'A', '-100'),
(152, '', 'شريهان محمد محمد', '01100080754', '', 'والد', 'محمد', '', '', 'محملرم بك', '39413310301510', 2, 'E', '5', '1', 'A', '-300'),
(153, '', 'بديع محمد عبدالمنعم', '01278366991', '034856249', 'والد', '', '', '', 'الجمرك', '29401010238777', 2, 'E', '5', '1', 'A', '-150'),
(154, '', 'حبيبه محمد حسن', '01211028806', '', 'والدة', '', '01206898442', '', 'العصافره', '29501080200526', 1, 'B', '5', '1', 'A', '0'),
(155, '', 'هاجر السيد محمد', '01123310229', '', 'والدة', '', '01208394669', '', 'سيدي جابر', '29502200202028', 2, 'B', '5', '1', 'A', '0'),
(156, '', 'مي حامد عطا', '01203092431', '', 'والدة', '', '01276521818', '', 'فيكتوريا', '29508030300627', 1, 'B', '5', '1', 'A', '0'),
(157, '', 'هدير خالد احمد', '01110007449', '', 'والدة', '', '01281225703', '', 'الابراهيميه', '', 1, 'E', '5', '1', 'A', '-650'),
(158, '', 'مي سعيد محمود', '01278692202', '', 'والدة', '', '01273049445', '', 'سبورنج', '', 1, 'E', '5', '1', 'A', '-650'),
(159, '', 'ندى صابر عامر ', '01203023351', '', 'والد', '', '01222230097', '', 'عجمي', '29608300201382', 1, 'B', '5', '1', 'A', '0'),
(160, '', ' رقيه لطفى محمد', '01126324129', '', 'والدة', '', '', '', 'الساعه', '29601290200566', 1, 'B', '5', '1', 'A', '0'),
(161, '', 'محمد سعيد فتحي', '01221689298', '', 'والدة', '', '01283894634', '', 'شارع الصاوي', '29508200200323', 2, 'B', '5', '1', 'A', '-100'),
(163, '', 'علا كامل نوح', '', '', '', '', '', '', '', '', 2, 'B', '5', '1', 'A', '0'),
(164, '', 'احمد حمدي محمد', '01275336951', '', 'والد', '', '01278326735', '', 'العصافرة', '29508200200899', 1, 'B', '5', '1', 'A', '0'),
(165, '', 'صبا اشرف محمد', '01064104458', '', 'والدة', '', '01095313391', '', 'ميامي', '29606211201007', 1, 'B', '5', '1', 'A', '0'),
(166, '', 'محمد احمد محمد ابوزيد داج', '01277066061', '', 'والد', '', '01278127335', '', 'راغب', '29303300200551', 1, 'E', '5', '1', 'A', '-450'),
(167, '', 'منه الله محمد حسنين', '01203514949', '', 'والدة', '', '01114554700', '', 'سيدي بشر', '', 1, 'B', '5', '1', 'B', '0'),
(168, '', 'محمد هشام مصطفى', '01201897178', '', 'والد', 'هشام', '01005103018', '', 'العجمي', '29507030201856', 1, 'B', '5', '1', 'B', '0'),
(170, '', 'جويريه محمد غلاب ', '01008107012', '', '', 'والد', '01118855897', '', 'سبورتنج', '', 2, 'B', '5', '1', 'B', '0'),
(171, '', 'ميار صديق عبدالفتاح', '01151558411', '', 'والد', '', '01203361367', '', 'سيدي بشر', '', 1, 'E', '5', '1', 'B', '-400'),
(172, '', 'يارا اشرف عبدالروؤف', '01289614866', '', 'والده', '', '01008424169', '', 'السيوف', '29501190200823', 1, 'E', '5', '1', 'B', '-350'),
(173, '', 'هايدي سمير خله', '01201643230', '', 'والد', '', '01223311834', '', 'فيكتوريا', '', 1, 'B', '5', '1', 'A', '-150'),
(174, '', 'ياسمين خميس نجيب', '01286516531', '', 'والدة', '', '01122271353', '', 'سيدي بشر', '29505310200542', 1, 'B', '5', '1', 'B', '0'),
(175, '', 'بشاير حسن كامل', '01019922778', '', 'والد', '', '01001077937', '', 'العطارين', '29508020201145', 1, 'B', '5', '1', 'B', '0'),
(176, '', 'نورهان على صالح', '01014742967', '', 'والد', '', '01275956343', '', 'حجر النواتيه', '', 1, 'B', '5', '1', 'B', '0'),
(177, '', 'محمد حسن السيد', '01276346104', '', 'والد', '', '01201065873', '', 'الازريطه', '29508160200815', 2, 'B', '5', '1', 'A', '0'),
(178, '', 'ميرولا مكرم سليمان', '01278915401', '', 'والدة', '', '01272912201', '', 'محرم بك', '', 2, 'B', '5', '1', 'A', '0'),
(179, '', 'ايات احمد احمد خميس', '01010151674', '', 'والدة', '', '', '', 'بحيره', '29406041802524', 1, 'E', '5', '1', 'A', '-650'),
(180, '', 'منه الله محمود السيد', '01220118759', '', 'والدة', '', '01274442831', '', 'القباري', '29507070200283', 1, 'E', '5', '1', 'A', '-450'),
(181, '', 'عزام محمد اسماعيل', '01149867474', '035214768', 'والدة', 'سميره', '01152522745', '', 'كليوباترا', '29801012733595', 1, 'B', '5', '1', 'A', '0'),
(182, '', 'ليندا مروان يوسف', '01281768015', '', 'والد', '', '01288078709', '', 'سيدي بشر', '29508300200365', 1, 'A', '5', '1', 'B', '0'),
(183, '', 'بسنت صالح عبداللطيف', '01201901865', '', 'والدة', '', '01002684041', '', 'محرم بك', '', 1, 'B', '5', '1', 'B', '-200'),
(184, '', 'ايمان عزت احمد ', '01202996507', '', 'والدة', '', '01202996507', '', 'الاكاديمية', '29509161702527', 1, 'E', '5', '1', 'B', '-400'),
(185, '', 'غادة احمد محمد فرج', '01149365514', '', 'والدة', '', '01017766042', '', 'لوران', '29409300212501', 1, 'B', '5', '1', 'B', '0'),
(186, '', 'احمد فؤاد مصطفى', '01212736723', '', 'والد', '', '01289053544', '', 'عوايد', '29510180201154', 2, 'E', '5', '1', 'A', '-650'),
(187, '', 'ياسين عبدالمنصف كمال', '01297448071', '', 'والد', '', '01283461709', '', 'ابويوسف', '', 2, 'E', '5', '1', 'A', '-650'),
(188, '', 'باسنت محمد محمد', '01148689996', '033305860', 'والدة', '', '01204012056', '', 'الهانوفيل', '', 1, 'B', '5', '1', 'B', '0'),
(189, '', 'مي هاني محمد الخطيب', '01201627643', '035772261', 'والدة', '', '01156693042', '', 'لوران', '94070160204402', 2, 'B', '5', '1', 'B', '0'),
(190, '', 'نوران محمد جاد', '01094794738', '', 'صديق', '', '01226490783', '', 'مرغم', '29501170200789', 2, 'E', '5', '1', 'B', '-400'),
(191, '', 'مها هشام ممدوح', '01275324403', '', 'والدة', '', '01228602949', '', 'ابويوسف', '29604280200125', 1, 'B', '5', '1', 'B', '0'),
(192, '', 'مصطفى رمضان سعد', '01201781351', '', 'والدة', '', '01220197808', '', 'عصافرة', '29503088800339', 2, 'A', '5', '1', 'B', '0'),
(193, '', 'نهى محمود احمد', '01150079494', '035055484', 'والدة', '', '01226598726', '', 'حجر النةاتيه', '29500701025022', 1, 'B', '5', '1', 'B', '0'),
(194, '', 'شاهندة محمد رجب', '01223948557', '', 'اخت', '', '01279820262', '', 'بحري', '29403310202084', 1, 'A', '5', '1', 'A', '0'),
(195, '', 'باسنت احمد عزت ', '01060607971', '', 'والدة', '', '01223948557', '', 'العجمي', '29410240202142', 1, 'A', '5', '1', 'A', '0'),
(196, '', 'نرمين محمد علي', '01025416414', '035406375', '', '', '01284002812', '', 'ميامي', '29509180200664', 2, 'E', '5', '1', 'B', '-450'),
(197, '', 'نورهان عادل جابر ', '01270115505', '', 'والدة', '', '01270115521', '', 'فيكتوريا', '29501050202362', 2, 'E', '5', '1', 'B', '-400'),
(198, '', 'مروة السيد رجب ', '01207258933', '', 'والدة', '', '01228461451', '', 'البيطاش', '29810010203229', 2, 'B', '5', '1', 'A', '0'),
(199, '', 'ساره نصر محمود', '01210513829', '03303445', 'والدة', '', '01283441704', '', 'السيوف', '', 1, 'A', '5', '1', 'A', '0'),
(200, '', 'رحمه ابراهيم السيد', '01270555149', '', 'والدة', '', '01100603484', '', 'سموحه', '29503010204489', 1, 'E', '5', '1', 'A', '-50'),
(201, '', 'ايه عبدالسلام', '01121849201', '', 'والدة', '', '01202018515', '', 'فيكتوريا', '', 1, 'A', '5', '1', 'A', '0'),
(202, '', 'ندى اشرف محمد', '01224338449', '', 'والدة', '', '01285053273', '', 'كليوباترا', '29811220201667', 1, 'B', '5', '1', 'A', '0'),
(203, '', 'رضوى صلاح الدين حنفي', '01224353634', '', 'والدة', '', '01090222509', '', 'ساباباشا', '29709170200525', 1, 'B', '5', '1', 'A', '0'),
(204, '', 'ساره مجدي احمد ', '01025486641', '', 'والدة', '', '', '', 'الجمرك', '29609150201261', 1, 'E', '5', '1', 'A', '-650'),
(205, '', 'لوجين السيد  ابراهيم ', '01129880144', '035494097', 'والدة', '', '01111780333', '', 'ميامي', '29805220200288', 2, 'B', '5', '1', 'A', '0'),
(206, '', 'شيماء احمد محمد', '01222927305', '', 'اخت', '', '01287440616', '', 'كليوباترا', '29807220200221', 2, 'E', '5', '1', 'A', '-650'),
(207, '', 'ميار محسن عبدالعزيز', '01277695355', '', 'والد', '', '01276069975', '', 'البيطاش', '', 1, 'B', '5', '1', 'A', '0'),
(208, '', 'محمود مفيد ابوسعيفه', '01270825865', '', 'والد', '', '01001815065', '', 'العجمي', '29701078800493', 2, 'B', '5', '1', 'B', '0'),
(209, '', 'امجد محمد عبدالستار', '01286880344', '', 'والد', '', '01005632390', '', 'خورشيد', '', 2, 'B', '5', '1', 'B', '0'),
(210, '', 'نجوى سعيد محمد ', '01009509741', '', 'والدة', '', '01065566327', '', 'الابراهيمية', '', 2, 'B', '5', '1', 'A', '0'),
(211, '', 'شاهندة صالح على ', '01206279569', '', 'والدة', '', '01229071339', '', 'سيدي بشر', '', 1, 'B', '5', '1', 'B', '-300'),
(212, '', 'عبدالله محمد ابراهيم', '01211397759', '', 'والد', '', '01280042001', '', 'البحيرة', '29803011819294', 2, 'B', '5', '1', 'A', '0'),
(213, '', 'عبدالرحمن عيد ابراهيم', '01287213246', '034354797', 'والدة', '', '01223785499', '', 'البيطاش', '29805100200152', 2, 'E', '5', '1', 'A', '-650'),
(214, '', 'احمد انور محمد الشناوي', '01144744515', '', 'والد', '', '01064959492', '', 'العوايد', '29502100201156', 1, 'E', '5', '1', 'A', '-600'),
(215, '', 'محمد شعبان قطب', '01022855825', '', 'والدة', '', '01228890793', '', 'سيدي بشر', '29507190200759', 2, 'E', '5', '1', 'A', '-150'),
(216, '', 'منه الله سعيد راشد', '01220224351', '', 'والدة', '', '01203455262', '', 'العصافرة', '29401210202467', 1, 'B', '5', '1', 'B', '0'),
(217, '', 'منه الله فتحى عبدالرحمن', '01204822821', '', 'زوج', '', '01225138423', '', 'العجمي', '', 1, 'B', '5', '1', 'B', '0'),
(218, '', 'شيرين محمد يحي', '01007721064', '', '', '', '', '', 'الابراهيمية', '', 1, 'E', '5', '1', 'B', '-400'),
(219, '', 'دينا محمد نجيب', '01010052706', '', 'والدة', '', '01272929968', '', '', '29703160201029', 1, 'B', '5', '1', 'A', '0'),
(220, '', 'نادين محمد اشرف', '01280429092', '', 'والد', '', '01226179753', '', 'بحري', '29806018800407', 1, 'B', '5', '1', 'A', '0'),
(221, '', 'ساره محمد عبدالعزيز', '01212230395', '', 'والدة', '', '01223402911', '', 'البيطاش', '', 1, 'B', '5', '1', 'B', '0'),
(223, '', 'اشرقت بهاء', '', '', '', '', '', '', '', '', 1, 'B', '5', '1', 'A', '0'),
(224, '', 'اميرة محمد احمد', '01274946964', '', 'والدة', '', '01024004957', '', '', '29605140200806', 1, 'B', '5', '1', 'A', '0'),
(225, '', 'نادين سعد احمد', '01206607619', '', 'والدة', '', '01288224263', '', '', '29806300200706', 1, 'B', '5', '1', 'A', '0'),
(227, '', 'رنا أبراهيم محمد', '01006947177', '', 'والد', 'أبراهيم محمد', '01063124551', 'rana_roro42@yahoo.com', 'سبورتنج شارع الزهري', '', 1, 'E', '5', '1', 'A', '-300'),
(228, '', 'دنيا ابراهيم السعدني', '01203920723', '', 'والدة', '', '01091628438', '', 'العجمي', '29509200200682', 1, 'E', '5', '1', 'A', '-300'),
(229, '', 'شروق ياسر مرشدي', '01010790503', '', 'والد', '', '01001678942', '', '', '29511160101681', 1, 'B', '5', '1', 'A', '0'),
(230, '', 'خالد خميس محمد', '01278503235', '', 'والد', '', '01010938010', '', 'العصافرة', '29505030200947', 2, 'B', '5', '1', 'A', '-150'),
(231, '', 'احمد عبدالقادر السيد', '01003355514', '', 'والد', '', '01200876910', '', 'سيدي بشر', '', 1, 'B', '5', '1', 'A', '0'),
(232, '', 'هشام علي محمد', '01279889413', '', 'والد', '', '01227053844', '', 'شركة البلاستك', '29503150201137', 1, 'B', '5', '1', 'A', '0'),
(233, '', 'حسن محمد حسن', '01201743969', '', 'والد', '', '01286175384', '', 'سموحه', '29807230200653', 1, 'B', '5', '1', 'A', '0'),
(234, '', 'محمد محمود محمد القصري', '01203133627', '', 'والدة', '', '01220459984', '', 'الحضرة', '29803010201751', 1, 'B', '5', '1', 'A', '0'),
(235, '', 'هاجر حمدي محمد', '01287653285', '', 'والدة', '', '01157209951', '', 'محمد فريد', '29806280200925', 2, 'B', '5', '1', 'A', '0'),
(236, '', 'منه الله محمد راغب', '01222222794', '', 'والدة', '', '01128005050', '', 'محرم', '', 1, 'E', '5', '1', 'A', '-650'),
(237, '', 'الاء على محمد', '01280601547', '', 'والدة', '', '01223805829', '', 'محرم بك', '29903160200404', 1, 'E', '5', '1', 'A', '-650'),
(238, '', 'منى السيد فرج', '01271214743', '', 'والدة', '', '01273255018', '', '', '', 1, 'B', '5', '1', 'B', '0'),
(239, '', 'ساره علاء الدين عابد', '01060026401', '', 'والدة', '', '01145503010', '', 'العيسوي', '29505108800147', 1, 'B', '5', '1', 'B', '0'),
(240, '', 'مي هاني شحاته', '01007184899', '', 'والدة', '', '01116835193', '', 'سيدي جابر', '29506158800341', 1, 'E', '5', '1', 'B', '-450'),
(241, '', 'مي محمود عابدين', '01092115533', '', 'والدة', '', '01092039737', '', 'كامب شيزار', '29501160201825', 1, 'B', '5', '1', 'B', '0'),
(242, '', 'عبدالرحمن طه السيد ', '01270446591', '', 'والد', '', '01289161029', '', 'عزبة محسن', '29408080204319', 2, 'E', '5', '1', 'B', '-300'),
(243, '', 'ايهاب محمد محمد', '01277529828', '', '', '', '01223265507', '', 'المنزلاوي', '29503260200055', 2, 'B', '5', '1', 'B', '0'),
(244, '', 'ساره مدحت سعد ', '01203000433', '', 'والد', '', '01203000411', '', 'سيدي بشر', '29409150206183', 2, 'B', '5', '1', 'A', '0'),
(245, '', 'الاء صالح محمد', '01063821253', '', 'والدة', '', '01283024812', '', 'القباري', '29312200201401', 1, 'B', '5', '1', 'B', '0'),
(246, '', 'هاجر محمد خميس', '01021235209', '', 'والد', '', '01092462545', '', 'ابويوسف', '29804290200483', 1, 'E', '5', '1', 'A', '-650'),
(247, '', 'تقى علاء الدين على ', '01110053753', '035458692', 'والد', '', '01115334418', '', 'الابراهيمية', '29409011814381', 1, 'E', '5', '1', 'A', '0'),
(249, '', 'ايمان احمد عبد الحق', '01220827363', '', 'عمي', '01223458865', '', '', 'ميامي', '29409130202483', 1, 'E', '5', '1', 'A', '0'),
(250, '', 'عمر صبري سليمان', '01284862506', '', 'والدة', '', '01277028406', '', 'الابراهيمية', '29512190200116', 2, 'B', '5', '1', 'A', '-50'),
(251, '', 'رضوى احمد فريد', '01095014107', '', 'والد', '', '', '', 'بحري', '', 1, 'E', '5', '1', 'A', '-150'),
(252, '', 'محمود السيد مغازي', '01120420431', '', 'والد', '', '', '', 'سيدي بشر', '29509190200891', 1, 'E', '5', '1', 'A', '-450'),
(253, '', 'مصطفى حسين محمد', '01279234996', '', 'والدة', '', '01278577080', '', 'باكوس', '29409150205675', 2, 'E', '5', '1', 'A', '-300'),
(254, '', 'سلمى شريف الحسيني', '01122421781', '', 'والدة', '', '01122431836', '', 'العصافرة قبلي', '', 2, 'B', '5', '1', 'A', '0'),
(255, '', 'نوال عادل السيد', '01273181009', '', 'والدة', '', '01207968898', '', 'محرم بك', '', 1, 'B', '5', '1', 'A', '-100'),
(256, '', 'ميار طارق محمد', '01097101218', '', 'والدة', '', '01222938054', '', 'جناكليس', '29502050201923', 2, 'B', '5', '1', 'B', '0'),
(257, '', 'دعاء محمد عبدالرازق', '01271670187', '', 'اخت', '', '01208829973', '', 'العامرية', '29807260200968', 2, 'E', '5', '1', 'A', '-650'),
(259, '', 'احمد فتحي عبده', '01061513649', '', 'والد', '', '01148026419', '', 'خليل حمادة', '29508060200753', 1, 'E', '5', '1', 'A', '-650'),
(260, '', 'كريم احمد محمود', '01225405554', '', 'اخت', '', '01223151610', '', 'مندرة', '', 2, 'E', '5', '1', 'A', '-650'),
(261, '', 'دولت احمد محمود', '01274600356', '', 'والد', '', '01193206070', '', 'عصافرة', '29501010221241', 1, 'B', '5', '1', 'A', '0'),
(262, '', 'عمر فتحي محمد', '01200210199', '', 'صديق', '', '01284016693', '', '', '29406280202415', 2, 'B', '5', '1', 'A', '0'),
(263, '', 'نورهان محمد موسى', '01277985853', '', 'والدة', '', '01282841766', '', 'الابراهيمية', '29803280200829', 1, 'B', '5', '1', 'A', '0'),
(264, '', 'شيرين علاء توفيق', '01122337084', '033574057', 'والدة', '', '01227583915', '', 'سيدي بشر ', '29806010202924', 2, 'E', '5', '1', 'A', '0'),
(265, '', 'حبيبه احمد محمود', '01062559525', '', 'والدة', '', '01023368391', '', 'سموحه', '29803270200588', 2, 'B', '5', '1', 'A', '0'),
(266, '', 'محمد احمد شكري', '01284948525', '', 'والدة', '', '01224733415', '', 'ميامي', '29612010206019', 2, 'E', '5', '1', 'A', '-650'),
(267, '', 'رقيه صلاح الدين محمد', '01023448663', '', 'والد', '', '01001236102', '', 'فيكتوريا', '29409270204702', 1, 'E', '5', '1', 'A', '-650'),
(268, '', 'هاجر فؤاد على', '01100044765', '', '', '', '01287700066', '', '', '29609100202241', 1, 'B', '5', '1', 'A', '0'),
(269, '', 'فادي عاطف عبدالفتاح', '01111232246', '', 'والد', '', '01223486494', '', 'المنشية', '29410190202898', 1, 'E', '5', '1', 'A', '-650'),
(270, '', 'ياسين عبد المنصف كمال ', '01288200735', '03582452', 'والد', '', '', '', 'العجمي', '29601150200591', 2, 'E', '5', '1', 'A', '-300'),
(271, '', 'محمود عبدالوهاب مبروك', '01279343539', '', 'والد', '', '01065446002', '', 'باكوس', '29707070202714', 1, 'E', '5', '1', 'A', '-650'),
(272, '', 'محمد سعيد ابوزيد', '01285710461', '', 'والد', '', '01227363740', '', 'عزبة محسن', '29508090201932', 1, 'B', '5', '1', 'A', '0'),
(273, '', 'سامية يوسف حمدالله', '01223816815', '', 'والدة', '', '01221556748', '', 'الساعة', '', 1, 'B', '5', '1', 'B', '0'),
(274, '', 'السيد اشرف السيد', '01211026380', '', 'والد', '', '', '', 'المندرة', '29809201504816', 1, 'B', '5', '1', 'A', '0'),
(275, '', 'سارة حمزه محمد ', '01158234946', '', 'والدة', '', '01011771854', '', 'فلمنج', '', 1, 'E', '5', '1', 'B', '-650'),
(276, '', 'امنية عادل احمد ', '01276457401', '', 'زوج', '', '01122295550', '', 'العامرية', '29602100201444', 2, 'B', '5', '1', 'B', '0'),
(277, '', 'مؤمن محمد ذكي', '01212797825', '', 'والد', '', '01205329124', '', 'الدخيلة', '', 2, 'B', '5', '1', 'A', '0'),
(278, '', 'عمر طارق جمال ', '01288398672', '035246770', '', 'والدة', '01224865689', '', 'سيدي بشر', '29702220103092', 2, 'B', '5', '1', 'A', '0'),
(279, '', 'امنية سعيد احمد محمد ', '01288973315', '035229892', '', 'والدة', '01288973316', '', '', '29506120200208', 1, 'B', '5', '1', 'A', '0'),
(280, '', 'رضوى محمود خميس', '01017736796', '035369499', '', 'والدة', '01282978707', '', 'العجمي', '29710070200241', 2, 'E', '5', '1', 'A', '-650'),
(281, '', 'دعاء سليمان محمود', '01220450023', '', 'والد', '', '01112029093', '', 'محرم بك', '29109070200521', 1, 'B', '5', '1', 'A', '0'),
(282, '', 'اسراء عبدالحميد احمد بخيت', '01111839100', '', 'والدة', '', '01282837966', '', 'ميامي', '29701010224303', 1, 'B', '5', '1', 'A', '0'),
(284, '', 'زينب بدوي السيد', '01093272298', '', 'والدة', '', '01061017807', '', 'المطار', '29809280201527', 1, 'C', '5', '1', 'A', '0'),
(285, '', 'يوستينا ماهر', '01270840513', '033688222', 'والدة', '', '01224554628', '', '', '', 2, 'E', '5', '1', 'A', '-300'),
(286, '', 'هاجر انور مصطفى', '01285876455', '', 'والد', '', '01200513116', '', '', '29803130200961', 2, 'C', '5', '1', 'A', '0'),
(287, '', 'ندى حمدي على', '01283253146', '', 'والد', '', '01276157335', '', 'الورديان', '29603150200143', 2, 'C', '5', '1', 'A', '0'),
(288, '', ' سمر محمد عبداللطيف حماد', '01279410921', '', 'اخت', '', '01159385254', '', 'العجمي', '', 2, 'C', '5', '1', 'A', '0'),
(289, '', 'ندى رمضان عبدالنبي', '01288710970', '033618501', 'والدة', '', '01280950677', '', '', '29802020200721', 2, 'C', '5', '1', 'A', '-150'),
(290, '', 'نسمة محمد معوض', '01288713477', '', 'والد', '', '', '', 'كرموز', '', 1, 'C', '5', '1', 'A', '0'),
(291, '', 'معتز صابر البرنس', '01289928686', '', 'والدة', '', '01276085040', '', 'العطارين', '29801210201272', 1, 'C', '5', '1', 'A', '0'),
(292, '', 'اميمة عبدالله السيد', '01153940101', '', 'والدة', '', '01229599576', '', '', '39713180300648', 2, 'C', '5', '1', 'A', '0'),
(293, '', 'نورهان محمد عبدالرازق', '01148439825', '', 'والد', '', '01063776131', '', 'العوايد', '29807150201128', 2, 'C', '5', '1', 'A', '0'),
(294, '', 'اسراء ياسر محمد', '01121744690', '035557175', 'والدة', '', '01150569642', '', 'سيدي بشر', '', 1, 'C', '5', '1', 'A', '0'),
(295, '', 'دنيا جمال محمودياقوت', '01091723738', '034200147', 'والدة', '', '01016045084', '', 'الابراهيمية', '', 1, 'C', '5', '1', 'A', '0'),
(296, '', 'سارة هشام محمد', '01229517356', '', '', '', '01227739004', '', 'الابراهيمية', '', 1, 'C', '5', '1', 'A', '0'),
(297, '', 'فادي وجدي كامل', '01203808545', '034209083', 'والدة', '', '01221305597', '', 'سموحة', '29610290201634', 2, 'C', '5', '1', 'A', '0'),
(298, '', ' .محمد احمد شكري', '01284948525', '', 'والدة', '', '01224733415', '', 'ميامي', '29612010206019', 2, 'C', '5', '1', 'A', '-150'),
(299, '', 'نادين اشرف كمال', '01212813014', '', 'والدة', '', '01282880380', '', 'مسجد سبطان ', '29712290200309', 2, 'C', '5', '1', 'A', '0'),
(300, '', 'محمد صلاح الدين فتح الله', '01150477133', '034864509', 'والد', '', '', '', 'الجمرك', '29501220200912', 2, 'C', '5', '1', 'A', '0'),
(301, '', 'سلمى عصام شعبان', '01205930436', '', 'والدة', '', '01288599267', '', 'محطة الرمل', '39613338800184', 2, 'C', '5', '1', 'A', '0'),
(302, '', 'روميسة صالح ابراهيم', '01210738216', '', 'والدة', '', '01006905957', '', 'المندرة', '29806200201985', 2, 'C', '5', '1', 'A', '0'),
(303, '', 'عنان وائل محمد', '01025118566', '035261874', 'والدة', '', '01113352539', '', 'السيوف', '29807010203601', 2, 'C', '5', '1', 'A', '0'),
(304, '', '.دعاء محمد عبد الرازق', '01271670187', '', 'اخت', '', '01208829973', '', 'العامرية', '', 2, 'C', '5', '1', 'A', '0'),
(305, '', 'ندى حسن عبدالرحمن', '01272899807', '', 'والد', '', '01223335272', '', 'السيوف', '29710010208421', 1, 'E', '5', '1', 'A', '-300'),
(306, '', 'اسماء مصطفى محمود', '01000097493', '', '', '', '01212101330', '', '', '', 2, 'E', '5', '1', 'B', '-300'),
(307, '', 'ايمن السيد السيد عبد الدا', '01278995238', '', 'والد', '', '01227629589', '', 'فلمنج', '', 1, 'E', '5', '1', 'A', '-300'),
(308, '', 'سارة احمد عبداللطيف', '01126639662', '', 'والدة', '', '01065005165', '', 'جناكليس', '29210260200945', 2, 'C', '5', '1', 'A', '0'),
(309, '', 'يسرا محمد خميس', '01114315216', '', 'والدة', '', '01229726322', '', 'البيطاش', '', 2, 'C', '5', '1', 'A', '0');
INSERT INTO `students` (`stid`, `stcode`, `stname`, `stmob`, `sttel`, `stparenttype`, `stparentname`, `stparentmob`, `stemail`, `staddress`, `stnationalid`, `sttype`, `sttype2`, `styear`, `stterm`, `stgroup`, `stbalance`) VALUES
(310, '', 'ايه صلاح محمد', '01212552036', '', 'والدة', '', '01287012052', '', 'العجمي', '29506090200046', 2, 'C', '5', '1', 'B', '-300'),
(311, '', 'اسراء مصطفى فياض', '01019191025', '035277868', 'والدة', '', '01221239952', '', '', '', 2, 'C', '5', '1', 'B', '0'),
(312, '', '.مي سعيد محمود', '01278692202', '', 'والدة', '', '01276768236', '', 'سبورتنج', '', 1, 'E', '5', '1', 'A', '-300'),
(313, '', '.هدير خالد احمد', '01100074494', '035915404', 'والدة', '', '01281220573', '', 'الابراهيمية', '', 1, 'E', '5', '1', 'A', '-300'),
(314, '', 'نيرة علاء الدين', '01091440046', '035451571', 'والدة', '', '01224067837', '', 'سيدي جابر', '', 1, 'E', '5', '1', 'A', '0'),
(315, '', 'علا محمود فوزي', '01152291210', '', 'والدة', '', '	01288875098', '', 'االسيوف', '', 1, 'C', '5', '1', 'B', '0'),
(316, '', 'يارا خيري انيس', '01096145732', '', 'والدة', '', '	01005637096', '', 'محرم بك', '', 1, 'C', '5', '1', 'A', '0'),
(317, '', 'مارينا مجدي صبري', '01279431309', '', 'زوج', '', '01220553961', '', 'سيدي بشر', '', 1, 'C', '5', '1', 'A', '0'),
(318, '', 'اسلام جمال محمود', '01285992045', '', 'والد', '', '01010217459', '', 'العوايد', '29404040207191', 1, 'C', '5', '1', 'A', '0'),
(319, '', 'ايه محمد المصري', '01091629037', '', 'زوج', '', '01002227949', '', 'الازاريطة', '29309230200645', 2, 'C', '5', '1', 'B', '0'),
(320, '', 'منى محمد حسن', '01144475669', '', 'والدة', '', '01144474668', '', 'محرم بك', '', 1, 'C', '5', '1', 'A', '0'),
(321, '', 'الاء مختار اسماعيل', '01001052909', '035068929', '', '', '01208322285', '', 'السيوف', '29501200201661', 1, 'C', '5', '1', 'A', '0'),
(322, '', 'احمد حسام محمد', '01279961496', '', 'والدة', '', '01222908497', '', 'محمد نجيب', '29310080200259', 2, 'E', '5', '1', 'A', '-200'),
(323, '', 'محمود معروف عبدالعال', '01063927718', '', '', '', '01280895600', '', 'العجمي', '29509240104091', 1, 'A', '5', '1', 'A', '-300'),
(324, '', 'احمد محمد محمد ابو شعبان', '01280565770', '', '', '', '', '', 'مرسي مطروح ', '29405281602372', 2, 'C', '5', '1', 'A', '0'),
(325, '', 'اسراء عبد الحميد بخيت', '01111783910', '035575632', 'والدة', '', '01282837966', '', 'ميامي', '29701010224303', 2, 'E', '5', '1', 'A', '0'),
(326, '', 'عمر علاء الدين على', '01211082556', '033912415', 'والدة', '', '01273135957', '', '', '29602100200154', 2, 'C', '5', '1', 'A', '0'),
(327, '', 'عمار ياسر عبدالحميد', '01100126153', '', '', '', '', '', '', '', 1, 'E', '5', '1', 'A', '0'),
(328, '', 'عمار ياسر عبدالحميد', '01100126153', '', 'والدة', '', '01227788801', '', '', '29603280201214', 2, 'E', '5', '1', 'A', '-100'),
(329, '', 'هبة الله مصطفى منصور', '01061559653', '034940283', 'والد', '', '01224967954', '', 'محرم بك', '', 1, 'C', '5', '1', 'A', '0'),
(330, '', 'محمد عادل محمد', '01116131785', '035821923', '', '', '01207625044', '', '', '29608290200854', 1, 'C', '5', '1', 'A', '0'),
(331, '', 'اكرم عبدالله محمد', '01007904624', '', 'والدة', '', '01096657829', '', 'لوران', '29311128800152', 1, 'C', '5', '1', 'A', '0'),
(332, '', 'مي طارق فتحى بكر', '01206540903', '', '', '', '01093071379', '', 'السيوف', '29511160200042', 1, 'C', '5', '2', 'A', '0'),
(333, '', 'احمد ايمن سعيد', '01287670988', '', '', '', '01201630484', '', 'السيوف', '29606100201431', 2, 'C', '5', '1', 'A', '0'),
(334, '', 'ناهد احمد ابراهيم', '01282770696', '035074992', 'والد', '', '01208606980', '', '', '29601160200424', 2, 'C', '5', '1', 'A', '0'),
(335, '', 'نهاد اشرف محمد', '01014246338', '', 'والدة', '', '01220017021', '', 'العصافرة', '', 2, 'C', '5', '1', 'A', '0'),
(336, '', 'سهر سمير محمد تركماني', '01125662033', '', 'والدة', '', '01125565531', '', 'العيسوي', '29509150202204', 1, 'E', '5', '1', 'A', '-300'),
(337, '', 'مي محمد سعيد', '01157270586', '', '', '', '01279762809', '', '', '29505220200543', 1, 'E', '5', '1', 'A', '-300'),
(338, '', 'سعيد سعد محمد', '01097894021', '', 'والد', '', '01209799521', '', '', '29601230200931', 1, 'C', '5', '1', 'A', '0'),
(339, '', 'مصطفى محمود نجار', '01274982640', '', 'والدة', '', '01017069930', '', 'المنتزة', '29603160201415', 1, 'C', '5', '1', 'A', '0'),
(340, '', 'فادي احمد محمد ', '01273052524', '', 'والدة', '', '01004500147', '', 'الابراهيمية', '29610010214779', 1, 'C', '5', '1', 'A', '0'),
(341, '', 'ريوان احمد محمد', '01275460234', '', 'والدة', '', '21272930716', '', 'راس الطين', '29212100200089', 2, 'C', '5', '1', 'A', '0'),
(342, '', 'رضوى ابراهيم محمد', '', '', '', '', '	', '', '', '', 0, 'B', '5', '1', 'A', '0'),
(343, '', 'مي مصطفى ابو الخير', '', '', '', '', '	', '', '', '', 0, 'C', '5', '', '', '0'),
(344, '', 'مريم اميه ', '', '', '', '', '	', '', '', '', 0, 'C', '5', '', '', '0'),
(345, '', 'اسراء محروس علي', '01156065871', '', 'اخ', '', '01202781480', '', '', '29703010201781', 2, 'C', '5', '1', 'A', '0'),
(346, '', 'فايزه عبدالعاطي عمران', '01227355329', '', 'زوج', '', '01224156376', '', 'سيدي بشر', '', 1, 'C', '5', '1', 'B', '0'),
(347, '', 'هاجر عاطف', '', '', '', '', '	', '', '', '', 0, 'C', '5', '', '', '0'),
(348, '', 'ماجد', '', '', '', '', '	', '', '', '', 0, 'C', '5', '', '', '0'),
(349, '', 'ميرنا مصطفى فتح الله', '', '', '', '', '	', '', '', '', 2, 'B', '5', '1', 'B', '0'),
(350, '', 'الاء حسن الشاذلى ', '01123533001', '', 'والدة', '', '01289500414', '', 'كامب شيذار', '29412180201942', 2, 'C', '5', '1', 'A', '0'),
(351, '', 'فاطمه سعيد زيدان', '', '', '', '', '	', '', '', '', 0, 'C', '5', '', '', '0'),
(352, '', 'مروان محمد سليمان السيسي', '', '', '', '', '	', '', '', '', 0, 'C', '5', '', '', '0'),
(353, '', 'عمر مصطفى خميس', '01277600863', '035903831', '', '', '', '', '', '', 2, 'C', '5', '1', 'B', '0'),
(354, '', 'هدير محمد اشرف', '', '', '', '', '', '', '', '', 1, 'C', '5', '1', 'A', '0'),
(355, '', 'رنا رمضان', '', '', '', '', '	', '', '', '', 0, 'C', '5', '', '', '0'),
(356, '', 'ايه يحي محمد', '01220734649', '035263648', 'والدة', '', '01224357710', '', '', '29506080201265', 1, 'C', '5', '1', 'A', '0'),
(357, '', 'امنيىة حلمى احمد', '01007738177', '', 'والدة', '', '01091020852', '', '', '29506120200461', 2, 'C', '5', '1', 'A', '0'),
(358, '', 'هدي محمد خليل', '01142232295', '', 'والدة', '', '01227197452', '', '', '29706100201622', 1, 'C', '5', '1', 'A', '0'),
(359, '', 'نيفين مجدي شفيق', '01202747505', '', 'والدة', '', '01202714220', '', '', '29610200201304', 1, 'C', '5', '1', 'A', '0'),
(360, '', 'لينا عادل ابراهيم', '01203428274', '', 'والدة', '', '	01203426872', '', '', '29603010203789', 2, 'C', '5', '', 'A', '0'),
(361, '', 'aaaaaaaaa', '01352655366', '256+56+9568', '', '', '', '', '', '', 1, 'E', '5', '1', 'A', '0'),
(362, '', 'كريم ابراهيم', '01200552124', '033259390', 'والد', '', '01226354985', '', '', '29071602002097', 2, 'C', '5', '1', 'A', '0'),
(363, '', 'اسماء مصطفى محمود', '01000097493', '', '', '', '	01212101330', '', '', '', 2, 'C', '5', '1', 'A', '0'),
(364, '', 'سلسبيل حمدي', '', '', '', '', '	', '', '', '', 0, 'C', '5', '1', 'A', '0'),
(365, '', 'مصطفى احمد', '', '', '', '', '	', '', '', '', 0, 'C', '5', '1', 'A', '0'),
(366, '', 'مريم احمد محمود', '', '', '', '', '	', '', '', '', 0, 'C', '5', '1', 'A', '0'),
(367, '', 'هشام غزال', '', '', '', '', '', '', '', '', 1, 'C', '5', '1', 'A', '0'),
(368, '', 'احمد الشناوي', '01144744515', '', '', '', '	01064959492', '', '', '', 1, 'C', '5', '1', 'A', '0'),
(369, '', 'هاجر عبدالباري', '', '', '', '', '	', '', '', '', 1, 'C', '5', '1', 'A', '0'),
(370, '', 'هدى محمد خليل', '01142232295', '', '', '', '	01227197452', '', '', '29706100201622', 1, 'C', '5', '1', 'A', '0'),
(371, '', 'محمد شعبان قطب ..', '', '', '', '', '	', '', '', '', 2, 'C', '5', '1', 'A', '0');

-- --------------------------------------------------------

--
-- Table structure for table `tickets`
--

CREATE TABLE IF NOT EXISTS `tickets` (
  `tiid` int(11) NOT NULL AUTO_INCREMENT,
  `tiamount` int(10) NOT NULL,
  `tidonor` varchar(15) COLLATE utf8_unicode_ci NOT NULL,
  `tidonortype` int(4) NOT NULL,
  `tirecipient` varchar(15) COLLATE utf8_unicode_ci NOT NULL,
  `tirecipienttype` int(4) NOT NULL,
  `tirealdate` date NOT NULL,
  `tisysdate` datetime NOT NULL,
  `tireason` varchar(20) COLLATE utf8_unicode_ci NOT NULL,
  `tinumber` varchar(8) COLLATE utf8_unicode_ci NOT NULL,
  `tidescription` varchar(40) COLLATE utf8_unicode_ci NOT NULL,
  `titype` varchar(25) COLLATE utf8_unicode_ci NOT NULL,
  PRIMARY KEY (`tiid`)
) ENGINE=InnoDB DEFAULT CHARSET=utf8 COLLATE=utf8_unicode_ci AUTO_INCREMENT=1 ;

-- --------------------------------------------------------

--
-- Structure for view `absall`
--
DROP TABLE IF EXISTS `absall`;

CREATE ALGORITHM=UNDEFINED DEFINER=`root`@`localhost` SQL SECURITY DEFINER VIEW `absall` AS select `students`.`stid` AS `stid`,`students`.`stname` AS `stname`,`students`.`stmob` AS `stmob`,`students`.`sttel` AS `sttel`,`students`.`stparenttype` AS `stparenttype`,`students`.`stparentname` AS `stparentname`,`students`.`stparentmob` AS `stparentmob`,`students`.`stemail` AS `stemail`,`students`.`staddress` AS `staddress`,`students`.`stnationalid` AS `stnationalid`,`students`.`styear` AS `styear`,`students`.`stterm` AS `stterm`,`students`.`stgroup` AS `stgroup`,`students`.`stbalance` AS `stbalance`,`material`.`matid` AS `matid`,`material`.`matname` AS `matname`,`material`.`matyear` AS `matyear`,`material`.`matterm` AS `matterm`,`absence`.`absid` AS `absid`,`absence`.`date` AS `date`,`absence`.`students_stid` AS `students_stid`,`absence`.`material_matid` AS `material_matid` from ((`absence` join `material` on((`material`.`matid` = `absence`.`material_matid`))) join `students` on((`absence`.`students_stid` = `students`.`stid`))) order by `absence`.`date` desc;

-- --------------------------------------------------------

--
-- Structure for view `prmatall`
--
DROP TABLE IF EXISTS `prmatall`;

CREATE ALGORITHM=UNDEFINED DEFINER=`root`@`localhost` SQL SECURITY DEFINER VIEW `prmatall` AS select `professors`.`prname` AS `prname`,`professors`.`prmob` AS `prmob`,`professors`.`prtel` AS `prtel`,`professors`.`prparentname` AS `prparentname`,`professors`.`premail` AS `premail`,`professors`.`prparentmob` AS `prparentmob`,`professors`.`prbalance` AS `prbalance`,`material`.`matyear` AS `matyear`,`material`.`matterm` AS `matterm`,`professors`.`prid` AS `prid`,`material`.`matid` AS `matid`,`material`.`matname` AS `matname` from ((`material` join `prmat` on((`material`.`matid` = `prmat`.`material_matid`))) join `professors` on((`prmat`.`professors_prid` = `professors`.`prid`)));

-- --------------------------------------------------------

--
-- Structure for view `stmatall`
--
DROP TABLE IF EXISTS `stmatall`;

CREATE ALGORITHM=UNDEFINED DEFINER=`root`@`localhost` SQL SECURITY DEFINER VIEW `stmatall` AS select `students`.`stname` AS `stname`,`students`.`stmob` AS `stmob`,`students`.`styear` AS `styear`,`students`.`stterm` AS `stterm`,`students`.`stgroup` AS `stgroup`,`students`.`stbalance` AS `stbalance`,`material`.`matname` AS `matname`,`material`.`matid` AS `matid`,`material`.`matyear` AS `matyear`,`material`.`matterm` AS `matterm`,`students`.`sttel` AS `sttel`,`students`.`stparenttype` AS `stparenttype`,`students`.`stparentname` AS `stparentname`,`students`.`stparentmob` AS `stparentmob`,`students`.`stemail` AS `stemail`,`students`.`staddress` AS `staddress`,`students`.`stnationalid` AS `stnationalid`,`students`.`stid` AS `stid` from ((`students` join `stmat` on((`students`.`stid` = `stmat`.`students_stid`))) join `material` on((`material`.`matid` = `stmat`.`material_matid`))) where (`stmat`.`status` = 1);

--
-- Constraints for dumped tables
--

--
-- Constraints for table `absence`
--
ALTER TABLE `absence`
  ADD CONSTRAINT `fk_absence_material1` FOREIGN KEY (`material_matid`) REFERENCES `material` (`matid`) ON DELETE NO ACTION ON UPDATE CASCADE,
  ADD CONSTRAINT `fk_absence_students1` FOREIGN KEY (`students_stid`) REFERENCES `students` (`stid`) ON DELETE NO ACTION ON UPDATE CASCADE;

--
-- Constraints for table `prmat`
--
ALTER TABLE `prmat`
  ADD CONSTRAINT `fk_prmat_material1` FOREIGN KEY (`material_matid`) REFERENCES `material` (`matid`) ON DELETE NO ACTION ON UPDATE CASCADE,
  ADD CONSTRAINT `fk_prmat_professors1` FOREIGN KEY (`professors_prid`) REFERENCES `professors` (`prid`) ON DELETE NO ACTION ON UPDATE CASCADE;

--
-- Constraints for table `stmat`
--
ALTER TABLE `stmat`
  ADD CONSTRAINT `fk_stmat_material1` FOREIGN KEY (`material_matid`) REFERENCES `material` (`matid`) ON DELETE NO ACTION ON UPDATE CASCADE,
  ADD CONSTRAINT `fk_stmat_students1` FOREIGN KEY (`students_stid`) REFERENCES `students` (`stid`) ON DELETE NO ACTION ON UPDATE CASCADE;

/*!40101 SET CHARACTER_SET_CLIENT=@OLD_CHARACTER_SET_CLIENT */;
/*!40101 SET CHARACTER_SET_RESULTS=@OLD_CHARACTER_SET_RESULTS */;
/*!40101 SET COLLATION_CONNECTION=@OLD_COLLATION_CONNECTION */;
